time,coin,dir,px,sz,ntl,fee,closedPnl
13/12/2024 - 19:20:28,SOL,Open Long,222.69,8.96,1995.3024000000003,0.698355,-0.698355
14/12/2024 - 12:34:21,SOL,Close Long,222.69,8.96,1995.3024000000003,0.698355,-0.698355
14/12/2024 - 19:22:19,SOL,Open Long,217.32959551,8.9,1934.233400039,0.676981,-0.676981
15/12/2024 - 07:26:33,SOL,Close Long,217.65,8.9,1937.085,0.677979,2.174471
20/12/2024 - 02:58:56,SOL,Open Long,198.21,10,1982.1000000000001,0.693735,-0.693735
20/12/2024 - 05:49:35,SOL,Market Order Liquidation: Close Long,193.11048,10,1931.1048,0.675886,-51.671085999999995
20/12/2024 - 17:32:00,HYPE,Open Long,30.583,65,1987.895,0.695763,-0.695763
20/12/2024 - 17:52:03,HYPE,Open Long,30.247,2,60.494,0.021172,-0.021172
20/12/2024 - 17:52:21,HYPE,Open Long,30.275,3,90.82499999999999,0.031788,-0.031788
20/12/2024 - 17:52:35,HYPE,Open Long,30.25231,30,907.5693,0.317649,-0.317649
20/12/2024 - 21:31:23,HYPE,Open Long,29.5138702,50,1475.69351,0.516491,-0.516491
20/12/2024 - 21:31:33,HYPE,Open Long,29.47,40,1178.8,0.41258,-0.41258
20/12/2024 - 21:31:55,HYPE,Open Long,29.555808,5,147.77904,0.051721,-0.051721
20/12/2024 - 21:32:06,HYPE,Open Long,29.51,1,29.51,0.010328,-0.010328
20/12/2024 - 21:32:11,HYPE,Open Long,29.559,1,29.559,0.010345,-0.010345
20/12/2024 - 22:29:19,HYPE,Close Long,30.519,7,213.63299999999998,0.074771,3.625429
21/12/2024 - 00:48:35,HYPE,Open Long,29.32976,4,117.31904,0.041061,-0.041061
21/12/2024 - 00:48:45,HYPE,Open Long,29.325,0.81,23.75325,0.008313,-0.008313
21/12/2024 - 10:49:11,HYPE,Close Long,32.622,4.81,156.91181999999998,0.054919,12.68148
21/12/2024 - 21:25:52,HYPE,Close Long,34.361,10,343.60999999999996,0.120263,43.748737
21/12/2024 - 22:15:53,HYPE,Open Long,31.843,10,318.43,0.11145,-0.11145
21/12/2024 - 22:16:28,HYPE,Open Long,32.339,10,323.39,0.113186,-0.113186
22/12/2024 - 00:16:10,HYPE,Open Long,32.21085004,81.29,2618.4199997516,0.916445,-0.916445
22/12/2024 - 00:24:21,HYPE,Close Long,32.408,1.29,41.80632,0.014632,2.097098
22/12/2024 - 00:26:26,HYPE,Close Long,32.626,10,326.26,0.114191,18.435809
22/12/2024 - 00:26:35,HYPE,Close Long,32.574,10,325.74,0.114009,17.915991
22/12/2024 - 00:26:38,HYPE,Close Long,32.519766,10,325.19766,0.113819,17.373841000000002
22/12/2024 - 00:41:47,HYPE,Open Long,32.94083827,150,4941.1257405,1.729393,-1.729393
22/12/2024 - 00:48:42,HYPE,Close Long,33.35006245,400,13340.024980000002,4.669008,701.4759720000001
22/12/2024 - 00:49:12,HYPE/USDC,Buy,33.25902436,161.31,5365.013219511599,0.05645848,-1.8777539616485726
22/12/2024 - 00:51:45,HYPE/USDC,Buy,33.23565304,90.04,2992.5381997216004,0.03151391,-1.0473853786937866
22/12/2024 - 00:59:30,HYPE/USDC,Buy,33.41848909,88,2940.82703992,0.03079987,-1.0292851195684183
22/12/2024 - 01:05:48,HYPE/USDC,Buy,33.29096484,149.88,4989.6498102192,0.05245793,-1.7463751032091812
22/12/2024 - 01:12:38,HYPE/USDC,Buy,33.41897651,149,4979.42749999,0.05214993,-1.7427972856681442
22/12/2024 - 01:12:50,HYPE/USDC,Buy,33.486,0.36,12.054959999999998,0.00012599,-0.00421890114
22/12/2024 - 01:18:48,HYPE/USDC,Buy,33.68499305,148.11,4989.084320635501,0.05183847,-1.7461785016726337
22/12/2024 - 01:26:05,HYPE/USDC,Buy,34.53824566,144.47,4989.7403505002,0.05056445,-1.746407395762787
22/12/2024 - 01:31:29,HYPE/USDC,Buy,34.50996499,144.52,4987.3801403548005,0.05058189,-1.745579253028031
22/12/2024 - 01:37:34,HYPE/USDC,Buy,33.68397536,147.72,4975.7968401791995,0.05170196,-1.7415275467037055
22/12/2024 - 01:43:28,HYPE/USDC,Buy,33.35373105,149.73,4994.0541501165,0.05240546,-1.747917618391533
22/12/2024 - 01:50:07,HYPE/USDC,Buy,33.47895732,149.03,4989.3690093996,0.05216037,-1.7462748010254083
22/12/2024 - 01:56:40,HYPE/USDC,Buy,33.05717486,150.92,4988.9888298712,0.05282195,-1.7461444375961772
22/12/2024 - 02:00:40,HYPE/USDC,Buy,33.28201716,149.81,4985.978990739601,0.05243344,-1.7450906498378305
22/12/2024 - 02:06:44,HYPE/USDC,Buy,33.27814643,220.31,7331.5084399933,0.07710847,-2.566026955653262
22/12/2024 - 03:49:17,HYPE/USDC,Sell,34.86423582,42.49,1481.3813799918,0.518481,55.620702
22/12/2024 - 17:11:05,HYPE,Open Long,30.86656475,143.87,4440.7726705825,1.554268,-1.554268
22/12/2024 - 19:33:55,HYPE,Open Long,29.178,9.37,273.39786,0.095689,-0.095689
22/12/2024 - 20:12:18,HYPE,Open Long,28.76228412,58.39,1679.4297697668,0.5878,-0.5878
22/12/2024 - 20:12:41,HYPE,Open Long,29.216,5.31,155.13696,0.054297,-0.054297
22/12/2024 - 20:12:49,HYPE,Open Long,29.47,2.87,84.5789,0.029602,-0.029602
22/12/2024 - 20:12:54,HYPE,Open Long,29.554,1.28,37.829119999999996,0.01324,-0.01324
22/12/2024 - 22:01:40,HYPE,Close Long,27.837,1,27.837,0.009742,-2.3465420000000003
24/12/2024 - 07:00:08,HYPE,Open Long,28.938,21.79,630.5590199999999,0.220695,-0.220695
24/12/2024 - 13:45:25,HYPE,Open Long,29.09952428,15.24,443.4767500272,0.155216,-0.155216
24/12/2024 - 14:07:50,HYPE,Open Long,29.016,11.38,330.20208,0.11557,-0.11557
24/12/2024 - 15:08:44,HYPE,Open Long,29.4,7.11,209.034,0.073161,-0.073161
24/12/2024 - 15:08:48,HYPE,Open Long,29.4030184,12.5,367.53773,0.128637,-0.128637
24/12/2024 - 15:11:36,HYPE,Open Long,29.327,10.82,317.31814,0.111061,-0.111061
24/12/2024 - 15:39:53,HYPE,Close Long,29.936,0.93,27.840480000000003,0.009744,0.020388
24/12/2024 - 15:43:43,HYPE,Close Long,30.176,8,241.408,0.084492,2.094708
24/12/2024 - 16:16:21,HYPE,Open Long,30.02,21.36,641.2271999999999,0.224429,-0.224429
24/12/2024 - 16:16:31,HYPE,Open Long,29.988,0.61,18.29268,0.006402,-0.006402
24/12/2024 - 16:20:18,HYPE,Open Long,30.05682038,14.03,421.6971899314,0.147593,-0.147593
24/12/2024 - 16:41:21,HYPE,Open Long,29.58,2,59.16,0.020706,-0.020706
24/12/2024 - 16:44:31,HYPE,Open Long,29.40678261,8.51,250.2517200111,0.087587,-0.087587
24/12/2024 - 18:09:56,HYPE,Close Long,31.329,36.51,1143.82179,0.400337,51.662923
24/12/2024 - 18:14:43,HYPE,Close Long,31.368,10,313.68,0.109788,14.540212
24/12/2024 - 18:14:55,HYPE,Close Long,31.335,10,313.35,0.109672,14.210328
24/12/2024 - 18:15:28,HYPE,Close Long,31.4,10,314,0.0314,14.938600000000001
24/12/2024 - 18:16:34,HYPE,Close Long,31.5,2.68,84.42,0.008442,4.271518
24/12/2024 - 18:16:34,HYPE,Close Long,31.5,7.32,230.58,0.023058,11.666981999999999
24/12/2024 - 18:19:57,HYPE,Close Long,31.6,10,316,0.0316,16.938399999999998
24/12/2024 - 19:32:28,HYPE,Open Long,30.201,50,1510.05,0.528517,-0.528517
24/12/2024 - 19:49:35,HYPE,Open Long,29.5744412,50,1478.72206,0.517552,-0.517552
24/12/2024 - 21:28:24,HYPE,Close Long,29.9,5.28,157.872,0.015787,-0.008395
24/12/2024 - 21:28:40,HYPE,Close Long,29.9,20,598,0.0598,-0.031799999999999995
24/12/2024 - 21:28:40,HYPE,Close Long,29.9,24.72,739.1279999999999,0.073912,-0.039304000000000006
25/12/2024 - 03:02:46,SUI,Open Short,4.5632,50,228.16,0.079856,-0.079856
25/12/2024 - 03:05:51,SUI,Open Short,4.5763,50,228.815,0.080085,-0.080085
25/12/2024 - 03:06:04,SUI,Close Short,4.5713,100,457.13,0.159995,-0.314995
25/12/2024 - 11:56:08,HYPE,Open Long,28.135,10,281.35,0.098472,-0.098472
25/12/2024 - 11:56:18,HYPE,Open Long,28.104,10,281.03999999999996,0.098364,-0.098364
25/12/2024 - 11:59:50,HYPE,Open Long,28.083,10,280.83,0.09829,-0.09829
25/12/2024 - 12:05:39,HYPE,Open Long,27.709,10,277.09,0.096981,-0.096981
25/12/2024 - 12:09:17,HYPE,Open Long,28.120006,20,562.40012,0.196839,-0.196839
25/12/2024 - 15:16:19,HYPE,Open Long,26.991888,30,809.75664,0.283412,-0.283412
25/12/2024 - 15:16:23,HYPE,Open Long,26.985,10,269.85,0.094447,-0.094447
25/12/2024 - 22:19:36,HYPE,Open Long,26.852,10,268.52,0.093982,-0.093982
25/12/2024 - 22:20:42,HYPE,Open Long,26.762,10,267.62,0.093667,-0.093667
26/12/2024 - 11:05:43,HYPE,Open Long,25.56,10,255.6,0.08946,-0.08946
26/12/2024 - 11:05:55,HYPE,Open Long,25.559,9.93,253.80087,0.08883,-0.08883
26/12/2024 - 11:11:05,HYPE,Open Long,25.764,1.03,26.53692,0.009287,-0.009287
26/12/2024 - 11:11:15,HYPE,Open Long,25.776,1.04,26.80704,0.009382,-0.009382
26/12/2024 - 11:11:30,HYPE,Open Long,25.79,3,77.37,0.027079,-0.027079
26/12/2024 - 11:11:46,HYPE,Open Long,25.79,1,25.79,0.009026,-0.009026
26/12/2024 - 11:11:50,HYPE,Open Long,25.78,1,25.78,0.009023,-0.009023
26/12/2024 - 11:23:44,HYPE,Open Long,25.925,3,77.775,0.027221,-0.027221
27/12/2024 - 00:29:58,HYPE,Open Long,27.392,50,1369.6,0.47936,-0.47936
29/12/2024 - 18:18:08,HYPE/USDC,Sell,26.8392179,200,5367.843580000001,1.878744,-1342.635762
29/12/2024 - 18:18:23,VAPOR/USDC,Buy,0.081625,65739,5365.945875,23.00862,-1.8780786075000002
29/12/2024 - 21:30:53,HYPE,Open Long,27.31457167,30,819.4371500999999,0.286802,-0.286802
29/12/2024 - 21:31:01,HYPE,Open Long,27.311,10,273.11,0.095588,-0.095588
30/12/2024 - 01:05:01,VAPOR/USDC,Sell,0.09338,65715,6136.4667,2.147763,768.4540119999999
30/12/2024 - 01:06:59,HYPE/USDC,Buy,27.4054364,200,5481.08728,0.06999993,-1.918378629619452
30/12/2024 - 01:07:26,HYPE/USDC,Buy,27.407,1,27.407,0.00034998,-0.00959190186
30/12/2024 - 01:07:58,HYPE/USDC,Sell,27.394,0.93,25.47642,0.008916,-5.155206
30/12/2024 - 01:09:25,HYPE,Open Long,27.44797483,60,1646.8784898,0.576406,-0.576406
31/12/2024 - 17:44:04,HYPE,Close Long,25.40894534,500,12704.47267,4.44656,-1588.72389
31/12/2024 - 17:44:54,HYPE/USDC,Sell,25.47675872,500,12738.379359999999,4.458429,-3729.9019369999996
31/12/2024 - 17:45:36,HYPE,Open Long,25.56909914,1000,25569.09914,8.949181,-8.949181
01/01/2025 - 15:15:39,HYPE,Open Long,24.5106871,100,2451.06871,0.857872,-0.857872
01/01/2025 - 20:59:21,HYPE,Close Long,26.29,200,5258,0.525799,111.154201
02/01/2025 - 02:10:22,HYPE,Close Long,26.52035878,500,13260.17939,4.641059,389.738331
02/01/2025 - 02:10:54,HYPE/USDC,Buy,26.50457568,500,13252.287839999999,0.17499994,-4.638299153725459
02/01/2025 - 02:11:10,HYPE/USDC,Buy,26.44,1,26.44,0.00035,-0.009254
02/01/2025 - 13:21:27,HYPE,Open Long,24.7361394,100,2473.6139399999997,0.865761,-0.865761
02/01/2025 - 18:49:27,HYPE/USDC,Sell,23.51317754,500,11756.58877,4.114788,-3908.619467
02/01/2025 - 18:49:56,HYPE,Open Long,23.58357502,1000,23583.57502,8.254245,-8.254245
02/01/2025 - 21:26:28,HYPE,Open Long,22.8424245,100,2284.24245,0.799483,-0.799483
02/01/2025 - 22:15:58,HYPE,Open Long,23.24,100,2324,0.8134,-0.8134
02/01/2025 - 22:16:09,HYPE,Open Long,23.25334065,200,4650.66813,1.627729,-1.627729
03/01/2025 - 08:00:16,HYPE,Close Long,22.08302508,500,11041.51254,3.864528,-1007.8019879999999
03/01/2025 - 08:00:32,HYPE/USDC,Sell,22.11740805,1500,33176.112075000005,11.611637,-13818.779968
03/01/2025 - 08:00:57,HYPE,Open Long,22.13552385,1000,22135.523849999998,7.747427,-7.747427
03/01/2025 - 08:01:37,HYPE/USDC,Sell,22.11,0.82,18.1302,0.006345,-7.560338
03/01/2025 - 08:11:52,HYPE,Open Long,21.9252,100,2192.52,0.767381,-0.767381
03/01/2025 - 08:12:32,HYPE,Open Long,21.8999079,100,2189.99079,0.766494,-0.766494
03/01/2025 - 08:12:36,HYPE,Open Long,21.8997724,100,2189.97724,0.766491,-0.766491
03/01/2025 - 08:12:39,HYPE,Open Long,21.899353,100,2189.9353,0.766475,-0.766475
03/01/2025 - 08:12:42,HYPE,Open Long,21.8944089,100,2189.44089,0.766302,-0.766302
03/01/2025 - 11:41:59,HYPE,Close Long,23.45226738,500,11726.133689999999,4.104139,184.729551
03/01/2025 - 19:41:30,SUI,Open Short,4.802,100,480.19999999999993,0.16807,-0.16807
03/01/2025 - 22:21:39,SUI,Open Short,4.8883,100,488.83,0.17109,-0.17109
04/01/2025 - 02:32:57,HYPE,Close Long,24.12186996,500,12060.93498,4.221323,519.4136570000001
04/01/2025 - 02:33:44,HYPE/USDC,Buy,24.12943265,828.86,19999.921546278998,0.29010071,-6.999965543662181
04/01/2025 - 02:34:07,HYPE,Close Long,24.11072556,1000,24110.72556,8.438745,1027.686815
04/01/2025 - 02:35:32,HYPE/USDC,Buy,24.07781785,1000,24077.81785,0.34999949,-8.427223967812896
04/01/2025 - 02:36:01,HYPE,Close Long,24.0457589,500,12022.87945,4.207998,481.37145200000003
04/01/2025 - 02:36:22,HYPE,Close Long,24.05161826,172,4136.87834072,1.447903,166.59923700000002
04/01/2025 - 02:36:51,HYPE/USDC,Sell,24.04575163,172,4135.869280360001,1.447552,-12.44406
04/01/2025 - 02:36:57,HYPE/USDC,Buy,24.06646174,172,4139.43141928,0.06019976,-1.4487952207971824
04/01/2025 - 02:36:59,HYPE/USDC,Buy,24.071,172,4140.212,0.06019999,-1.4490739592900002
04/01/2025 - 02:37:26,SUI,Close Short,4.8996,200,979.9200000000001,0.342972,-11.232972
04/01/2025 - 02:38:33,HYPE,Open Long,24.094,172,4144.168000000001,1.450458,-1.450458
04/01/2025 - 02:40:13,HYPE,Open Long,24.094,100,2409.4,0.84329,-0.84329
04/01/2025 - 22:02:46,HYPE,Open Long,24.9669923,100,2496.69923,0.873841,-0.873841
08/01/2025 - 17:25:09,HYPE/USDC,Sell,20.10181774,500,10050.908870000001,3.517812,-2004.655166
08/01/2025 - 17:25:27,HYPE,Open Long,20.29042471,1000,20290.42471,7.101646,-7.101646
08/01/2025 - 17:54:41,HYPE,Close Long,21.80066015,281.51,6137.1038388265,2.147985,23.035943000000003
08/01/2025 - 17:54:41,HYPE,Close Long,21.8,89.52,1951.536,0.195153,7.754223
08/01/2025 - 17:54:42,HYPE,Close Long,21.8,5,109,0.0109,0.4331
08/01/2025 - 17:54:42,HYPE,Close Long,21.8,123.97,2702.5460000000003,0.270253,10.738283
09/01/2025 - 05:17:21,HYPE,Close Long,21.30087456,500,10650.43728,3.727651,-208.89037100000002
09/01/2025 - 05:17:33,HYPE/USDC,Sell,21.3262765,1500.1,31991.547377649997,11.197036,-4178.198743
09/01/2025 - 05:18:00,HYPE,Open Long,21.24920138,2300,48873.163173999994,17.105591,-17.105591
09/01/2025 - 13:36:51,HYPE,Open Long,19.506,100,1950.6,0.68271,-0.68271
09/01/2025 - 13:53:08,HYPE,Open Long (Price Improved),19,100,1900,0.19,-0.19
10/01/2025 - 13:39:33,HYPE,Open Long,20.165,10,201.64999999999998,0.070577,-0.070577
10/01/2025 - 13:39:47,HYPE,Open Long,20.08067022,90,1807.2603198,0.632541,-0.632541
10/01/2025 - 22:09:44,HYPE/USDC,Buy,21.03387598,500,10516.93799,0.17499981,-3.6809243000635643
10/01/2025 - 22:10:36,HYPE,Close Long,21.06955348,500,10534.77674,3.687166,-64.410426
10/01/2025 - 22:11:42,HYPE/USDC,Buy,21.06608228,501,10554.10722228,0.17534979,-3.6939331039207213
10/01/2025 - 22:12:49,HYPE,Close Long,21.07794332,500,10538.97166,3.688634,-60.216974
10/01/2025 - 22:14:06,HYPE/USDC,Buy,21.07443622,400,8429.774488,0.13999982,-2.9504172774014803
10/01/2025 - 22:14:23,HYPE,Close Long,21.07981653,400,8431.926612,2.951171,-47.424561000000004
10/01/2025 - 22:15:34,HYPE/USDC,Buy,21.0597163,100,2105.97163,0.03499983,-0.7370864903482292
10/01/2025 - 22:16:07,HYPE,Close Long,21.0861842,100,2108.6184200000002,0.738015,-11.219595
13/01/2025 - 01:52:52,HYPE,Open Long,22.388,100,2238.8,0.78358,-0.78358
13/01/2025 - 10:43:37,HYPE,Open Long,19.4444463,100,1944.44463,0.680553,-0.680553
13/01/2025 - 22:09:32,HYPE/USDC,Sell,21.8011596,100,2180.1159599999996,0.763039,72.89829499999999
13/01/2025 - 22:10:08,HYPE,Close Long,21.808,100,2180.8,0.76328,63.68672
13/01/2025 - 22:10:35,HYPE/USDC,Buy,21.8531037,100,2185.3103699999997,0.03499991,-0.764856662720667
13/01/2025 - 22:12:22,HYPE/USDC,Sell,21.83,1.44,31.435199999999995,0.011002,1.0148650000000001
13/01/2025 - 22:12:36,HYPE/USDC,Buy,21.848,1,21.848,0.00034996,-0.00764592608
14/01/2025 - 10:41:16,HYPE,Close Long,22.92,0.79,18.106800000000003,0.00181,1.3858249999999999
14/01/2025 - 10:41:18,HYPE,Close Long,22.92,0.76,17.4192,0.001741,1.333199
14/01/2025 - 10:41:19,HYPE,Close Long,22.92,50.58,1159.2936,0.115929,88.72784100000001
14/01/2025 - 10:41:21,HYPE,Close Long,22.92,47.87,1097.1804,0.109717,83.97393799999999
14/01/2025 - 12:47:36,HYPE,Open Long,22.214924,100,2221.4924,0.777522,-0.777522
15/01/2025 - 00:27:28,XRP,Open Short,2.6804,100,268.04,0.093814,-0.093814
15/01/2025 - 01:38:42,XRP,Open Short,2.7684,100,276.84000000000003,0.096894,-0.096894
15/01/2025 - 14:10:22,HYPE,Close Long,24.1,20.51,494.29100000000005,0.049429,59.041931999999996
15/01/2025 - 14:10:22,HYPE,Close Long,24.1,79.49,1915.709,0.19157,228.827069
15/01/2025 - 14:11:44,HYPE/USDC,Buy,23.9761758,100,2397.61758,0.03499994,-0.839164714429452
15/01/2025 - 14:12:02,HYPE/USDC,Buy,23.918,0.5,11.959,0.00017497,-0.00418493246
15/01/2025 - 15:27:55,XRP,Open Short,3,100,300,0.03,-0.03
15/01/2025 - 20:33:34,XRP,Open Short,2.9532,100,295.32,0.103362,-0.103362
15/01/2025 - 22:39:49,XRP,Open Short,3.0723,100,307.22999999999996,0.10753,-0.10753
15/01/2025 - 23:14:20,XRP,Open Short,3.1624,100,316.24,0.110684,-0.110684
15/01/2025 - 23:14:27,XRP,Open Short,3.1659,100,316.59000000000003,0.110806,-0.110806
15/01/2025 - 23:14:37,XRP,Open Short,3.1887,100,318.87,0.111604,-0.111604
15/01/2025 - 23:14:56,XRP,Open Short,3.1827,100,318.27,0.111394,-0.111394
15/01/2025 - 23:15:34,XRP,Open Short,3.19,5,15.95,0.001595,-0.001595
15/01/2025 - 23:15:36,XRP,Open Short,3.19,95,303.05,0.030305,-0.030305
15/01/2025 - 23:16:41,XRP,Open Short,3.1927,100,319.27,0.111744,-0.111744
15/01/2025 - 23:17:04,XRP,Open Short (Price Improved),3.2,100,320,0.032,-0.032
16/01/2025 - 00:42:11,XRP,Close Short,2.9593,200,591.86,0.207151,20.544449
16/01/2025 - 00:42:24,XRP,Close Short,2.9592,500,1479.6000000000001,0.51786,51.41114
16/01/2025 - 00:42:42,XRP,Close Short,2.9572,500,1478.6,0.51751,52.41149
16/01/2025 - 00:54:17,XRP,Open Short,3,100,300,0.03,-0.03
16/01/2025 - 01:25:24,XRP,Open Short,3.033,100,303.3,0.106155,-0.106155
16/01/2025 - 11:33:21,XRP,Open Short,3.2,100,320,0.032,-0.032
16/01/2025 - 12:48:41,XRP,Open Short,3.2904,100,329.04,0.115164,-0.115164
16/01/2025 - 12:58:10,XRP,Open Short,3.321,100,332.1,0.116235,-0.116235
16/01/2025 - 13:01:59,XRP,Close Short,3.3555,500,1677.75,0.587212,-93.897212
17/01/2025 - 21:21:58,HYPE,Close Long,23.4651842,100,2346.51842,0.821281,223.807139
17/01/2025 - 21:22:27,HYPE/USDC,Buy,23.4304288,200,4686.08576,0.06999985,-1.64012650143568
17/01/2025 - 21:24:01,HYPE,Close Long,23.50143425,200,4700.2868499999995,1.6451,454.86175
17/01/2025 - 21:25:10,HYPE,Open Long,23.53857,200,4707.714,1.647696,-1.647696
18/01/2025 - 05:52:46,HYPE/USDC,Sell,21.83905888,1800,39310.305984,13.758605,532.264807
18/01/2025 - 05:53:18,HYPE,Open Long,21.92024758,3000,65760.74274,23.01624,-23.01624
18/01/2025 - 06:16:33,HYPE,Close Long,21.95,46.49,1020.4555,0.102045,8.489307
18/01/2025 - 06:17:41,HYPE,Close Long,21.932,17.2,377.2304,0.13203,2.73693
18/01/2025 - 06:17:42,HYPE,Close Long,21.93,22.8,500.004,0.05,3.70744
18/01/2025 - 06:17:56,HYPE,Close Long,21.93,460,10087.8,1.00878,74.79922
18/01/2025 - 06:18:25,HYPE,Close Long,22,700,15400,1.54,162.82000000000002
18/01/2025 - 06:18:50,HYPE,Close Long,22.005,3.51,77.23755,0.027033,0.814665
18/01/2025 - 06:19:00,HYPE,Close Long,22,11.06,243.32000000000002,0.024332,2.572556
18/01/2025 - 06:19:00,HYPE,Close Long,22,38.94,856.68,0.085668,9.057444
18/01/2025 - 06:42:43,HYPE/USDC,Buy,22.5,1200,27000,0.11999994,-2.69999865
18/01/2025 - 06:43:31,HYPE,Close Long,22.60554346,1200,27126.652152,9.494318,998.917832
18/01/2025 - 15:22:39,HYPE,Open Long,20.38193147,300,6114.579441000001,2.140101,-2.140101
18/01/2025 - 16:00:56,TRUMP,Open Short,33,100,3300,1.155,-1.155
18/01/2025 - 16:01:50,TRUMP,Close Short,33,100,3300,1.155,-1.155
18/01/2025 - 16:02:35,TRUMP,Open Short,33.2,10,332,0.0332,-0.0332
18/01/2025 - 16:02:39,TRUMP,Open Short,33,10,330,0.033,-0.033
18/01/2025 - 16:03:15,TRUMP,Close Short,33.099,20,661.9799999999999,0.231693,-0.21169300000000002
18/01/2025 - 16:04:45,TRUMP,Open Short,33,100,3300,0.33,-0.33
18/01/2025 - 16:13:29,TRUMP,Close Short,33.095908,100,3309.5908,1.158356,-10.749156
18/01/2025 - 23:48:57,HYPE,Close Long,21.769,100,2176.8999999999996,0.761915,16.218085000000002
18/01/2025 - 23:49:14,HYPE,Close Long,21.771,100,2177.1,0.761985,16.418015
18/01/2025 - 23:49:19,HYPE,Close Long,21.769,100,2176.8999999999996,0.761915,16.218085000000002
19/01/2025 - 02:56:41,HYPE/USDC,Buy,21.47802083,300,6443.406249,0.10499989,-2.2551898245677084
19/01/2025 - 02:56:56,HYPE,Close Long,21.532083,300,6459.6249,2.260863,-22.395963000000002
19/01/2025 - 02:57:59,HYPE/USDC,Buy,21.4456917,100,2144.56917,0.03499993,-0.750597708301581
19/01/2025 - 02:58:09,HYPE,Close Long,21.4939308,100,2149.3930800000003,0.752287,-11.279207000000001
19/01/2025 - 04:25:15,HYPE,Open Long,20.551,100,2055.1,0.719285,-0.719285
19/01/2025 - 05:01:31,TRUMP,Open Short,38.259,10,382.59000000000003,0.133906,-0.133906
19/01/2025 - 05:01:42,TRUMP,Open Short,38.676,90,3480.84,1.218294,-1.218294
19/01/2025 - 05:06:16,TRUMP,Close Short,37.525,100,3752.5,1.313375,109.61662500000001
19/01/2025 - 05:10:37,TRUMP,Open Short,39,100,3900,0.39,-0.39
19/01/2025 - 05:14:09,TRUMP,Close Short,38,100,3800,0.38,99.62
19/01/2025 - 05:29:32,TRUMP,Open Short,38.036,100,3803.6000000000004,1.331259,-1.331259
19/01/2025 - 05:32:56,TRUMP,Close Short,37,100,3700,0.37,103.22999999999999
19/01/2025 - 11:20:37,HYPE,Close Long,22,100,2200,0.22,45.370000000000005
19/01/2025 - 12:30:25,TRUMP,Open Short,72.497,100,7249.7,2.537395,-2.537395
19/01/2025 - 12:36:26,TRUMP,Close Short,71.447,100,7144.700000000001,2.500644,102.499356
19/01/2025 - 13:17:26,TRUMP,Open Short,73.139,10,731.39,0.255986,-0.255986
19/01/2025 - 13:21:26,TRUMP,Close Short,72,10,720,0.072,11.318000000000001
19/01/2025 - 13:29:47,TRUMP,Open Short,72.3,1.4,101.21999999999998,0.010122,-0.010122
19/01/2025 - 13:29:49,TRUMP,Open Short,72.248,10,722.48,0.252868,-0.252868
19/01/2025 - 13:29:49,TRUMP,Open Short,72.3,0.2,14.46,0.001446,-0.001446
19/01/2025 - 13:29:50,TRUMP,Open Short,72.3,8.4,607.32,0.060732,-0.060732
19/01/2025 - 13:43:18,HYPE,Close Long,22.837,100,2283.7,0.799295,128.490705
19/01/2025 - 13:44:17,HYPE/USDC,Buy,22.76,100,2276,0.035,-0.7966000000000001
19/01/2025 - 13:50:31,TRUMP,Close Short,71.743,20,1434.86,0.502201,10.117799
19/01/2025 - 14:45:18,PURR/USDC,Buy,0.36198,4500,1628.91,1.57499,-0.5701148802
19/01/2025 - 18:42:44,HYPE,Close Long,23.4845634,100,2348.4563399999997,0.821957,193.224383
19/01/2025 - 18:46:09,HYPE,Close Long,23.527,100,2352.7000000000003,0.823445,197.466555
19/01/2025 - 21:52:43,HYPE/USDC,Sell,20.74520809,700,14521.645663,5.082572,-1077.068675
19/01/2025 - 21:53:03,HYPE,Open Long,20.83976146,1000,20839.761459999998,7.293912,-7.293912
19/01/2025 - 22:04:19,HYPE,Close Long,21.058,21,442.218,0.154776,-4.445076
19/01/2025 - 22:04:32,HYPE,Close Long,21.0230023,461.84,9709.263382232,3.398238,-113.91549
19/01/2025 - 22:04:32,HYPE,Close Long,21,17.16,360.36,0.036036,-4.537104
19/01/2025 - 22:07:45,PURR/USDC,Buy,0.20349,5500,1119.195,1.92499,-0.3917162151
19/01/2025 - 22:17:24,PURR/USDC,Buy,0.20518455,5000,1025.92275,1.7499,-0.359052444045
19/01/2025 - 22:17:52,PURR/USDC,Buy,0.20752538,5000,1037.6269,1.74995,-0.363159038731
19/01/2025 - 22:18:59,HYPE,Close Long,21.32972068,500,10664.860340000001,3.732695,29.977645000000003
19/01/2025 - 22:19:22,HYPE,Open Long,21.21283574,500,10606.41787,3.712242,-3.712242
19/01/2025 - 22:49:39,HYPE,Open Long,19.9054895,100,1990.54895,0.69669,-0.69669
19/01/2025 - 22:53:22,HYPE,Close Long,20.5,78.55,1610.2749999999999,0.563596,-54.441041
19/01/2025 - 22:53:25,HYPE,Close Long,20.5,21.45,439.72499999999997,0.043972,-14.756527
19/01/2025 - 23:21:27,HYPE,Open Long,19.8670145,100,1986.70145,0.695345,-0.695345
19/01/2025 - 23:31:41,HYPE,Open Long,19.4211503,100,1942.1150300000002,0.679738,-0.679738
19/01/2025 - 23:44:39,HYPE,Close Long,20.511,100,2051.1,0.717885,-54.187885
19/01/2025 - 23:45:34,HYPE,Close Long,20.305,100,2030.5,0.710673,-74.780673
19/01/2025 - 23:46:48,PURR/USDC,Buy,0.18915,57,10.781550000000001,0.01994,-0.003771651
20/01/2025 - 00:34:35,HYPE,Open Long,19.7502097,100,1975.02097,0.691255,-0.691255
20/01/2025 - 00:40:16,HYPE,Open Long,19.5,9.99,194.805,0.01948,-0.01948
20/01/2025 - 00:40:17,HYPE,Open Long,19.5,90.01,1755.1950000000002,0.175519,-0.175519
20/01/2025 - 02:02:55,HYPE,Close Long,20.5,100,2050,0.205,-41.864999999999995
20/01/2025 - 02:18:52,HYPE,Close Long,21,30,630,0.063,2.4389999999999996
20/01/2025 - 02:18:53,HYPE,Close Long,21,70,1470,0.147,5.691
20/01/2025 - 02:49:28,HYPE,Open Long,20.226,100,2022.6,0.707909,-0.707909
20/01/2025 - 08:00:15,HYPE,Close Long,22,100,2200,0.22,111.41
20/01/2025 - 10:41:36,SOL,Open Short,263,10,2630,0.263,-0.263
20/01/2025 - 10:53:46,SOL,Close Short,262,2.48,649.76,0.064976,2.415024
20/01/2025 - 10:53:47,SOL,Close Short,262,1.46,382.52,0.038252,1.421748
20/01/2025 - 10:53:47,SOL,Close Short,262,6.06,1587.7199999999998,0.158772,5.901228
20/01/2025 - 10:54:51,SUI,Open Short,4.766,500,2383,0.83405,-0.83405
20/01/2025 - 11:23:25,SUI,Close Short,4.7317,500,2365.85,0.828047,16.321952999999997
20/01/2025 - 11:28:01,HYPE,Close Long,22.1279483,100,2212.79483,0.774477,123.650353
20/01/2025 - 11:28:36,HYPE/USDC,Buy,22.0794488,100,2207.94488,0.0349999,-0.77277850005512
20/01/2025 - 11:28:54,HYPE,Close Long,22.113835,100,2211.3835000000004,0.773983,122.23951699999999
20/01/2025 - 11:29:06,HYPE/USDC,Buy,22.0849019,100,2208.49019,0.03499991,-0.772969578858829
20/01/2025 - 11:29:12,HYPE/USDC,Buy,22.0898785,100,2208.98785,0.03499991,-0.773143759410935
20/01/2025 - 11:29:23,HYPE,Close Long,22.11652,100,2211.652,0.774078,122.507922
20/01/2025 - 11:29:38,HYPE/USDC,Buy,22.0799829,100,2207.99829,0.03499991,-0.772797414301539
20/01/2025 - 11:30:16,HYPE,Close Long,22.10511539,51.13,1130.2345498907002,0.395581,62.055388
20/01/2025 - 11:30:16,HYPE,Close Long,22.1,8,176.8,0.01768,9.71272
20/01/2025 - 11:30:17,HYPE,Close Long,22.1,4.54,100.334,0.010033,5.511969
20/01/2025 - 11:30:17,HYPE,Close Long,22.1,36.33,802.893,0.080289,44.10789
20/01/2025 - 11:38:03,TRUMP,Open Short,53.6,10,536,0.0536,-0.0536
20/01/2025 - 12:00:10,TRUMP,Close Short,53.783,10,537.83,0.18824,-2.01824
20/01/2025 - 12:08:06,TRUMP,Open Short,55.081,10,550.8100000000001,0.192783,-0.192783
20/01/2025 - 12:13:21,TRUMP,Close Short,54,9,486,0.0486,9.680399999999999
20/01/2025 - 12:13:21,TRUMP,Close Short,54,1,54,0.0054,1.0756
20/01/2025 - 12:14:44,TRUMP,Open Short,54.58336,10,545.8335999999999,0.191041,-0.191041
20/01/2025 - 12:18:58,TRUMP,Close Short,53.661,10,536.61,0.187813,9.035787
20/01/2025 - 12:26:43,TRUMP,Open Short,54.012,10,540.12,0.189042,-0.189042
20/01/2025 - 12:35:34,TRUMP,Close Short,53,10,530,0.053,10.066999999999998
20/01/2025 - 13:17:33,HYPE,Open Long,21.001,100,2100.1,0.735034,-0.735034
20/01/2025 - 18:27:35,HYPE,Close Long,21.2439974,100,2124.3997400000003,0.743538,34.596202
20/01/2025 - 22:11:30,HYPE,Open Long,20.15,100,2014.9999999999998,0.705249,-0.705249
21/01/2025 - 00:29:27,PURR/USDC,Sell,0.23,20049,4611.27,1.613944,-212.544418
21/01/2025 - 02:05:04,SOL,Open Long,232.66,1,232.66,0.08143,-0.08143
21/01/2025 - 10:31:02,HYPE,Close Long,23,100,2300,0.23,215.07000000000002
21/01/2025 - 13:19:14,SOL,Close Long,243,1,243,0.0243,10.3157
21/01/2025 - 14:28:46,HYPE,Close Long,23.581844,100,2358.1844,0.825362,272.659038
21/01/2025 - 15:28:25,HYPE,Close Long,24,100,2400,0.24,315.06
21/01/2025 - 18:43:18,HYPE,Close Long,25,100,2500,0.25,415.05
21/01/2025 - 21:26:07,HYPE,Open Long,23.2,99.89,2317.448,0.231744,-0.231744
21/01/2025 - 21:26:07,HYPE,Open Long,23.2,0.11,2.552,0.000255,-0.000255
21/01/2025 - 23:18:53,TRUMP,Open Short,42.709,100,4270.900000000001,1.494815,-1.494815
21/01/2025 - 23:30:09,TRUMP,Close Short,42.556,100,4255.599999999999,1.48946,13.810540000000001
21/01/2025 - 23:30:43,TRUMP,Open Short,43.052,10,430.52,0.150682,-0.150682
22/01/2025 - 00:03:46,TRUMP,Close Short,43,10,430,0.043,0.47700000000000004
22/01/2025 - 03:59:28,HYPE,Close Long,25.2,56.79,1431.108,0.14311,237.517361
22/01/2025 - 03:59:29,HYPE,Close Long,25.2,43.21,1088.892,0.108889,180.72064
23/01/2025 - 01:13:58,HYPE,Open Long,23.5901753,100,2359.01753,0.825655,-0.825655
23/01/2025 - 02:06:15,HYPE,Open Long,22.78678166,22.9,521.8173000139999,0.182635,-0.182635
23/01/2025 - 02:06:39,HYPE,Open Long,22.72768742,77.1,1752.3047000819997,0.613304,-0.613304
23/01/2025 - 02:26:59,HYPE,Open Long,22.2,100,2220,0.222,-0.222
23/01/2025 - 02:41:52,HYPE,Close Long,23.064,100,2306.4,0.80724,169.79276
23/01/2025 - 07:56:02,HYPE,Close Long,23.6,12.13,286.26800000000003,0.028626,27.166834
23/01/2025 - 07:56:03,HYPE,Close Long,23.6,87.87,2073.7320000000004,0.207373,196.797167
23/01/2025 - 22:12:01,HYPE,Open Long,22.1598913,100,2215.9891300000004,0.775594,-0.775594
24/01/2025 - 00:55:53,HYPE,Open Long,21.2,100,2120,0.212,-0.212
24/01/2025 - 12:43:28,HYPE,Close Long,24.5134537,100,2451.34537,0.857969,310.667401
25/01/2025 - 21:49:04,HYPE,Close Long,23.757,100,2375.7000000000003,0.831495,235.048505
27/01/2025 - 01:20:59,HYPE,Open Long,21.2,100,2120,0.212,-0.212
27/01/2025 - 05:40:58,HYPE,Open Long,20.2,100,2020,0.202,-0.202
27/01/2025 - 05:41:03,HYPE,Open Long,20.2,100,2020,0.202,-0.202
27/01/2025 - 08:21:40,HYPE,Close Long,21.00579374,34.52,725.1199999048001,0.253792,-8.531904
27/01/2025 - 08:21:41,HYPE,Close Long,21,65.48,1375.0800000000002,0.137508,-16.219396
27/01/2025 - 20:42:57,HYPE,Close Long,22.213,100,2221.3,0.777455,95.96254499999999
31/01/2025 - 03:41:23,HYPE,Open Long,26.271343,100,2627.1343,0.882713,-0.882713
31/01/2025 - 04:14:30,HYPE,Open Long,25.9748375,100,2597.48375,0.872753,-0.872753
31/01/2025 - 04:59:38,HYPE,Open Long,25.7239058,100,2572.39058,0.86432,-0.86432
31/01/2025 - 06:05:14,HYPE,Close Long,26.8,100,2680,0.25728,476.11272
31/01/2025 - 06:10:15,HYPE,Close Long,27,100,2700,0.2592,496.1108
31/01/2025 - 06:28:03,HYPE,Close Long,27.3,100,2730,0.26208,526.10792
31/01/2025 - 22:01:46,HYPE,Open Long,26.6696777,100,2666.96777,0.896096,-0.896096
01/02/2025 - 15:50:27,HYPE,Close Long,27.7,100,2770,0.26592,537.1440799999999
01/02/2025 - 20:06:40,HYPE,Open Long,25,100,2500,0.24,-0.24
02/02/2025 - 01:59:57,HYPE,Open Long,23.787,100,2378.7,0.799243,-0.799243
02/02/2025 - 02:57:23,HYPE,Open Long,22.4827291,100,2248.27291,0.755419,-0.755419
02/02/2025 - 17:55:45,HYPE,Open Long,20.941,100,2094.1,0.703615,-0.703615
03/02/2025 - 01:39:19,HYPE,Open Long,20.9870372,100,2098.70372,0.705161,-0.705161
03/02/2025 - 01:51:47,SOL,Open Long,187.85,5,939.25,0.315587,-0.315587
03/02/2025 - 01:53:24,SOL,Open Long,185.66,1,185.66,0.062381,-0.062381
03/02/2025 - 01:53:59,SOL,Open Long,184.98,1,184.98,0.062153,-0.062153
03/02/2025 - 01:54:10,SOL,Open Long,183.85,1,183.85,0.061773,-0.061773
03/02/2025 - 01:54:19,SOL,Open Long,183.36,2,366.72,0.123217,-0.123217
03/02/2025 - 01:55:30,SOL,Open Long (Price Improved),180,10,1800,0.1728,-0.1728
03/02/2025 - 01:56:10,HYPE,Open Long,20.357,100,2035.6999999999998,0.683995,-0.683995
03/02/2025 - 02:08:35,SOL,Open Long,176.41,5,882.05,0.296368,-0.296368
03/02/2025 - 02:22:24,SOL,Close Long,187.75,5,938.75,0.315419,29.932581000000003
03/02/2025 - 02:39:28,HYPE,Close Long,22.756,100,2275.6,0.764601,44.155399
03/02/2025 - 02:40:48,SOL,Close Long,188,20,3760,1.26336,124.72864
03/02/2025 - 02:42:03,HYPE,Close Long,23,100,2300,0.220799,69.099201
03/02/2025 - 15:20:55,HYPE,Close Long,25,100,2500,0.24,269.08
03/02/2025 - 19:09:53,HYPE,Close Long,25.249,100,2524.9,0.848366,293.37163400000003
03/02/2025 - 20:23:25,HYPE,Close Long,25.2711575,100,2527.11575,0.849105,295.586645
04/02/2025 - 01:37:20,HYPE,Close Long,24.8673624,100,2486.73624,0.835537,255.22070300000001
04/02/2025 - 22:09:45,HYPE,Open Long,24.42142,100,2442.1420000000003,0.820558,-0.820558
05/02/2025 - 08:57:04,HYPE,Close Long,26.66325,100,2666.3250000000003,0.895883,421.529117
05/02/2025 - 20:47:44,HYPE,Open Long,25.397,50,1269.85,0.426669,-0.426669
05/02/2025 - 20:47:45,HYPE,Open Long,25.4,12.31,312.674,0.030016,-0.030016
05/02/2025 - 20:47:45,HYPE,Open Long,25.4,37.69,957.3259999999999,0.091902,-0.091902
05/02/2025 - 22:03:07,HYPE,Close Long,25.4,100,2540,0.24384,277.36616000000004
05/02/2025 - 22:42:46,HYPE,Open Long,24.6390913,100,2463.90913,0.827869,-0.827869
07/02/2025 - 00:13:43,HYPE,Open Long,24.216514,100,2421.6514,0.813671,-0.813671
07/02/2025 - 21:06:27,HYPE,Open Long,22.5,100,2250,0.216,-0.216
08/02/2025 - 01:33:09,HYPE,Open Long,22.736,100,2273.6,0.763926,-0.763926
09/02/2025 - 21:49:29,HYPE,Open Long,22.1844828,100,2218.44828,0.745397,-0.745397
10/02/2025 - 15:34:22,HYPE,Close Long,23.7643228,100,2376.43228,0.798475,97.46380500000001
10/02/2025 - 15:35:18,HYPE,Close Long,23.7399714,100,2373.9971400000004,0.79766,95.02948
11/02/2025 - 11:58:33,HYPE,Close Long,24.8246395,100,2482.46395,0.834103,203.459847
11/02/2025 - 19:29:17,HYPE,Open Long,22.9660814,100,2296.60814,0.771655,-0.771655
12/02/2025 - 17:13:27,HYPE,Close Long,24.5,100,2450,0.2352,170.56480000000002
12/02/2025 - 23:26:29,HYPE,Close Long,25.56,100,2556,0.858816,275.941184
13/02/2025 - 22:27:15,XRP,Open Short,2.59,100,259,0.024864,-0.024864
14/02/2025 - 08:25:36,XRP,Open Short,2.7,100,270,0.02592,-0.02592
14/02/2025 - 13:08:46,HYPE,Close Long,27.3583081,100,2735.83081,0.919232,455.711578
14/02/2025 - 14:34:47,XRP,Open Short,2.7269,100,272.69,0.091623,-0.091623
14/02/2025 - 19:04:55,XRP,Open Short,2.8,100,280,0.02688,-0.02688
14/02/2025 - 21:12:38,HYPE,Open Long,26.3640558,100,2636.40558,0.885829,-0.885829
14/02/2025 - 21:28:01,HYPE,Close Long,26.37,55.49,1463.2713,0.140473,186.017379
14/02/2025 - 21:28:03,HYPE,Close Long,26.37,24.07,634.7259,0.060932,80.689104
14/02/2025 - 21:28:03,HYPE,Close Long,26.37,20.44,539.0028000000001,0.051744,68.520368
14/02/2025 - 22:49:28,HYPE,Open Long,25.944269,100,2594.4269,0.871724,-0.871724
16/02/2025 - 19:24:09,HYPE,Close Long,26,100,2600,0.873598,279.296402
17/02/2025 - 18:03:30,HYPE,Open Long,24.9922497,100,2499.2249699999998,0.839736,-0.839736
18/02/2025 - 09:19:17,HYPE,Open Long,24.5,100,2450,0.2352,-0.2352
18/02/2025 - 12:19:20,HYPE,Open Long,23.643962,100,2364.3961999999997,0.794435,-0.794435
18/02/2025 - 17:38:24,HYPE,Open Long (Price Improved),22.5,100,2250,0.216,-0.216
18/02/2025 - 17:38:47,HYPE,Open Long,22.5,100,2250,0.216,-0.216
18/02/2025 - 18:37:19,XRP,Close Short,2.5202,400,1008.08,0.338714,73.271286
20/02/2025 - 10:34:14,HYPE,Close Long,24.933,100,2493.3,0.837748,161.912252
23/02/2025 - 23:48:09,HYPE,Open Long,22.8865174,100,2288.65174,0.768985,-0.768985
24/02/2025 - 03:11:32,HYPE,Open Long,22.5,100,2250,0.216,-0.216
24/02/2025 - 03:11:32,HYPE,Open Long,22.5,100,2250,0.216,-0.216
24/02/2025 - 04:30:34,HYPE,Open Long (Price Improved),21.5,100,2150,0.2064,-0.2064
24/02/2025 - 15:36:50,HYPE,Open Long,20.939,100,2093.9,0.70355,-0.70355
24/02/2025 - 20:22:16,HYPE,Open Long,20.653,100,2065.2999999999997,0.693939,-0.693939
24/02/2025 - 20:29:05,HYPE,Open Long,20.5,100,2050,0.1968,-0.1968
24/02/2025 - 21:09:26,HYPE,Open Long,20.439349,100,2043.9349,0.686755,-0.686755
24/02/2025 - 23:01:33,HYPE,Open Long,20.1310621,100,2013.1062100000001,0.6764,-0.6764
24/02/2025 - 23:02:10,HYPE,Open Long,20.1,100,2010.0000000000002,0.19296,-0.19296
25/02/2025 - 00:08:32,HYPE,Open Long,19.5,70.31,1371.045,0.131619,-0.131619
25/02/2025 - 07:06:38,HYPE/USDC,Sell,18.9119552059,1399.96,26475.980810051766,8.895916,-4645.181185
25/02/2025 - 07:07:15,HYPE,Open Long,18.948,29.69,562.5661200000001,0.18902,-0.18902
25/02/2025 - 07:07:22,HYPE,Open Long,18.906,100,1890.6,0.635241,-0.635241
25/02/2025 - 07:08:14,HYPE,Open Long,19.0894086778,900,17180.46781002,5.772624,-5.772624
25/02/2025 - 07:36:04,HYPE,Open Long,17.9946517,100,1799.46517,0.604617,-0.604617
26/02/2025 - 07:09:45,HYPE,Close Long,20.9529151,100,2095.29151,0.704016,-59.052506
28/02/2025 - 07:08:46,HYPE,Open Long,19.267,100,1926.7,0.64737,-0.64737
02/03/2025 - 14:14:50,HYPE,Open Long,18.238,100,1823.8,0.612795,-0.612795
02/03/2025 - 16:50:27,HYPE,Close Long,20,100,2000,0.192,-140.582
02/03/2025 - 16:57:10,XRP,Open Short,2.8408,200,568.1600000000001,0.190901,-0.190901
02/03/2025 - 17:20:11,XRP,Close Short,2.8696,200,573.9200000000001,0.192837,-5.952837
02/03/2025 - 17:34:04,HYPE,Close Long,21,100,2100,0.2016,-40.5916
03/03/2025 - 09:37:39,HYPE,Open Long,19.268,100,1926.8000000000002,0.647403,-0.647403
03/03/2025 - 17:31:03,HYPE,Open Long,18.931,100,1893.1000000000001,0.636078,-0.636078
03/03/2025 - 18:23:23,HYPE,Open Long,18.1786992,100,1817.86992,0.610802,-0.610802
03/03/2025 - 21:05:00,HYPE,Open Long,17.80897,100,1780.897,0.59838,-0.59838
03/03/2025 - 23:03:19,XRP,Open Short,2.3854,100,238.54000000000002,0.080149,-0.080149
03/03/2025 - 23:03:59,XRP,Open Short,2.39,100,239,0.022944,-0.022944
04/03/2025 - 07:03:16,XRP,Close Short,2.3208,200,464.16,0.155957,13.224043
04/03/2025 - 07:29:31,HYPE,Open Long,16.296,10,162.95999999999998,0.054754,-0.054754
04/03/2025 - 07:29:36,HYPE,Open Long,16.2944935556,90,1466.504420004,0.492741,-0.492741
06/03/2025 - 10:21:19,XRP,Open Short,2.6205,100,262.04999999999995,0.088048,-0.088048
06/03/2025 - 18:55:27,XRP,Close Short,2.5649,100,256.49,0.08618,5.47382
07/03/2025 - 12:33:35,XRP,Open Short,2.5185,100,251.85,0.084621,-0.084621
07/03/2025 - 17:06:20,XRP,Close Short,2.4059,100,240.59,0.080837,11.179162999999999
11/03/2025 - 00:32:50,HYPE,Close Long,13.25,200,2650,0.8904,-1558.1704
11/03/2025 - 01:37:13,HYPE,Close Long,13.648,100,1364.8,0.458571,-739.298571
12/03/2025 - 18:23:47,HYPE,Close Long,13.21,100,1321,0.443856,-783.083856
12/03/2025 - 18:23:55,HYPE,Close Long,13.201,100,1320.1000000000001,0.443553,-783.9835529999999
14/03/2025 - 12:39:05,HYPE,Close Long,13.8294621,100,1382.94621,0.464667,-721.158457
14/03/2025 - 16:09:36,HYPE,Close Long,14.2404042,100,1424.04042,0.478475,-680.078055
19/03/2025 - 10:18:46,HYPE,Close Long,15,100,1500,0.144,-603.784
19/03/2025 - 14:29:36,XRP,Open Short,2.5358,100,253.58,0.085202,-0.085202
19/03/2025 - 19:07:18,XRP,Close Short,2.5313,100,253.13,0.085051,0.364949
26/03/2025 - 18:29:06,HYPE,Open Long,14.0311411,100,1403.11411,0.471444,-0.471444
26/03/2025 - 21:21:54,HYPE,Close Long,14.1071274,100,1410.71274,0.473997,-674.961257
26/03/2025 - 22:29:51,HYPE,Open Long,13.8179146,100,1381.79146,0.464279,-0.464279
27/03/2025 - 14:10:50,HYPE,Close Long,14.154,100,1415.4,0.475574,-651.765574
28/03/2025 - 18:30:14,HYPE,Open Long,13.4903628,100,1349.03628,0.453272,-0.453272
28/03/2025 - 18:58:17,HYPE,Close Long,13.5,99.62,1344.8700000000001,0.129107,-695.277467
28/03/2025 - 18:58:17,HYPE,Close Long,13.5,0.38,5.13,0.000492,-2.652132
28/03/2025 - 20:08:50,HYPE,Open Long,13.339,100,1333.9,0.448188,-0.448188
29/03/2025 - 06:29:37,HYPE,Open Long,12.971,100,1297.1,0.435822,-0.435822
29/03/2025 - 18:22:16,HYPE,Close Long,12.6532372,100,1265.3237199999999,0.425146,-745.3514260000001
31/03/2025 - 18:23:59,HYPE,Close Long,13.3666947,200,2673.33894,0.898235,-1348.059295
31/03/2025 - 18:24:18,HYPE/USDC,Buy,13.36784945,200,2673.5698899999998,0.06719973,-0.8983158737206485
31/03/2025 - 18:24:35,HYPE/USDC,Buy,13.38,1,13.38,0.00033594,-0.0044948772000000005
31/03/2025 - 19:11:42,HYPE,Close Long,13.3007518,100,1330.07518,0.446903,-680.621723
31/03/2025 - 19:12:00,HYPE/USDC,Buy,13.2868814,100,1328.68814,0.0335999,-0.44643788635186005
02/04/2025 - 23:13:33,HYPE,Open Long,12.40235,12.4,153.78914,0.051672,-0.051672
02/04/2025 - 23:14:10,HYPE,Open Long,12.404577968,87.6,1086.6410299968,0.365108,-0.365108
02/04/2025 - 23:56:51,HYPE,Close Long,12.1086281,100,1210.86281,0.406846,-778.414036
06/04/2025 - 14:20:28,HYPE/USDC,Buy,11.2275466,200,2245.50932,0.0671998,-0.7544888860106801
06/04/2025 - 14:20:41,HYPE,Close Long,11.2192155,200,2243.8431,0.753928,-1734.650828
06/04/2025 - 16:44:29,HYPE/USDC,Buy,11.43275,100,1143.275,0.03359987,-0.3841389137425
06/04/2025 - 16:44:37,HYPE,Close Long,11.4352834,100,1143.5283399999998,0.384223,-845.7258830000001
06/04/2025 - 18:48:29,HYPE,Open Long,10.741779,100,1074.1779,0.36092,-0.36092
06/04/2025 - 19:35:25,HYPE/USDC,Buy,10.497,200,2099.4,0.06719996,-0.70539798012
06/04/2025 - 19:35:35,HYPE,Close Long,10.5102976,200,2102.05952,0.70629,-1820.94677
06/04/2025 - 19:36:04,HYPE/USDC,Buy,10.4835075,100,1048.35075,0.03359962,-0.35224186826715
06/04/2025 - 19:36:11,HYPE,Close Long,10.49,100,1049,0.352464,-912.502464
06/04/2025 - 19:52:00,HYPE,Open Long,10.3135152,100,1031.35152,0.346532,-0.346532
06/04/2025 - 20:18:02,HYPE,Close Long,10.5269622,100,1052.69622,0.353701,-878.807481
06/04/2025 - 23:20:16,HYPE,Open Long,10.462684,100,1046.2684,0.351541,-0.351541
06/04/2025 - 23:25:30,HYPE,Close Long,10.3,100,1030,0.09888,-872.70888
06/04/2025 - 23:27:29,HYPE,Open Long,10.397,100,1039.7,0.349339,-0.349339
06/04/2025 - 23:28:53,HYPE,Close Long,10.4,2.8,29.119999999999997,0.002795,-23.376355
06/04/2025 - 23:28:53,HYPE,Close Long,10.4,97.2,1010.8800000000001,0.097044,-811.493484
06/04/2025 - 23:29:09,HYPE,Open Long,10.397,100,1039.7,0.349336,-0.349336
06/04/2025 - 23:32:51,HYPE,Close Long,10.309956,100,1030.9956,0.34641,-817.1908099999999
07/04/2025 - 01:07:38,HYPE,Close Long,10.1656786,100,1016.56786,0.341564,-831.613704
07/04/2025 - 01:07:55,HYPE/USDC,Buy,10.128,100,1012.8,0.03359981,-0.34029887568
07/04/2025 - 15:29:47,HYPE,Close Long,10.7039038,100,1070.39038,0.359647,-777.809267
07/04/2025 - 18:40:08,HYPE,Close Long,11.1439101,100,1114.3910099999998,0.374429,-733.823419
07/04/2025 - 18:40:34,HYPE/USDC,Buy,11.115,100,1111.5,0.0336,-0.37346399999999996
07/04/2025 - 18:42:00,HYPE,Close Long,11.0672454,100,1106.72454,0.371857,-741.487317
07/04/2025 - 18:42:11,HYPE/USDC,Buy,11.118,100,1111.8,0.03359992,-0.37356391056
07/04/2025 - 18:44:30,HYPE,Close Long,11.263,100,1126.3,0.378436,-721.9184359999999
07/04/2025 - 18:45:15,HYPE/USDC,Buy,11.2638,100,1126.3799999999999,0.03359993,-0.378462891534
07/04/2025 - 18:46:02,HYPE,Close Long,11.256,100,1125.6,0.378201,-722.618201
07/04/2025 - 18:46:18,HYPE/USDC,Buy,11.3346824,100,1133.46824,0.03359987,-0.380843855131288
07/04/2025 - 18:46:56,HYPE,Close Long,11.4115895,100,1141.15895,0.383427,-707.064477
07/04/2025 - 18:47:17,HYPE/USDC,Buy,11.3765001,100,1137.6500099999998,0.03359986,-0.382248810649986
07/04/2025 - 19:00:24,HYPE,Close Long,11.4276064,100,1142.76064,0.383962,-705.463322
07/04/2025 - 19:00:39,HYPE/USDC,Buy,11.462,100,1146.2,0.03359998,-0.38512297076
07/04/2025 - 19:46:41,HYPE,Close Long,11.1522516,100,1115.22516,0.374712,-732.989552
07/04/2025 - 19:46:48,HYPE/USDC,Buy,11.152,100,1115.1999999999998,0.03359998,-0.37470697696
07/04/2025 - 19:46:58,HYPE/USDC,Buy,11.162,100,1116.2,0.03359998,-0.37504297676000004
07/04/2025 - 19:47:05,HYPE,Close Long,11.152,100,1115.1999999999998,0.374707,-733.0147069999999
07/04/2025 - 19:47:25,HYPE,Close Long,11.187447,100,1118.7447,0.375895,-729.471195
07/04/2025 - 19:47:31,HYPE/USDC,Buy,11.1902346,100,1119.0234600000001,0.03359973,-0.37598886119665803
07/04/2025 - 19:47:34,HYPE/USDC,Buy,11.183,100,1118.3,0.03359992,-0.37574790535999997
07/04/2025 - 19:47:43,HYPE,Close Long,11.1656132,100,1116.56132,0.375161,-731.653841
07/04/2025 - 19:47:55,HYPE,Close Long,11.155,100,1115.5,0.374805,-732.7148050000001
07/04/2025 - 19:48:02,HYPE/USDC,Buy,11.157,100,1115.7,0.03359979,-0.37487285702999995
07/04/2025 - 19:48:15,HYPE,Close Long,11.1215836,100,1112.15836,0.37368,-736.05532
07/04/2025 - 19:48:23,HYPE/USDC,Buy,11.155,100,1115.5,0.0336,-0.374808
07/04/2025 - 19:48:45,HYPE,Close Long,11.148,100,1114.8,0.374569,-733.4145689999999
07/04/2025 - 19:48:52,HYPE/USDC,Buy,11.1574428,100,1115.7442800000001,0.03359942,-0.374883606763176
07/04/2025 - 19:49:16,HYPE,Close Long,11.16776306,500,5583.881530000001,1.876177,-3657.1946470000003
07/04/2025 - 19:49:24,HYPE/USDC,Buy,11.17902944,500,5589.51472,0.16799935,-1.878069679550864
07/04/2025 - 19:49:46,HYPE/USDC,Sell,11.18684336,500,5593.4216799999995,1.879386,-75.702625
07/04/2025 - 19:50:01,HYPE/USDC,Buy,11.17484132,500,5587.420660000001,0.16799977,-1.8773707715464965
07/04/2025 - 19:50:22,HYPE,Close Long,11.16597894,500,5582.98947,1.875872,-3658.086402
07/04/2025 - 19:50:37,HYPE/USDC,Buy,11.181,500,5590.5,0.168,-1.878408
08/04/2025 - 18:13:35,HYPE/USDC,Buy,10.942,100,1094.2,0.03359998,-0.36765098116
08/04/2025 - 18:13:49,HYPE/USDC,Buy,10.946,1,10.946,0.00033592,-0.0036769803200000003
09/04/2025 - 18:31:41,HYPE,Close Long,13.7173576,100,1371.73576,0.460901,-476.565141
11/04/2025 - 21:53:11,HYPE,Close Long,15.9657812,100,1596.5781200000001,0.536447,-251.798327
11/04/2025 - 22:09:40,HYPE,Open Long,15.892,1,15.892,0.005339,-0.005339
11/04/2025 - 22:09:55,HYPE,Open Long,15.8667143434,99,1570.8047199966,0.527787,-0.527787
14/04/2025 - 20:08:55,HYPE,Open Long,15.9979334,100,1599.7933400000002,0.537527,-0.537527
17/04/2025 - 19:46:27,HYPE,Close Long,17,100,1700,0.1632,-46.1632
22/04/2025 - 17:13:53,HYPE,Close Long,18.4267917,100,1842.6791699999999,0.619134,96.060036
25/04/2025 - 21:10:03,HYPE,Open Long,18.295,100,1829.5000000000002,0.614708,-0.614708
27/04/2025 - 12:55:51,HYPE,Open Long,17.575915,100,1757.5914999999998,0.590549,-0.590549
28/04/2025 - 02:23:53,HYPE,Open Long,17,100,1700,0.1632,-0.1632
28/04/2025 - 10:26:58,HYPE,Close Long,18.5286204,100,1852.8620400000002,0.622555,98.059485
01/05/2025 - 13:43:13,HYPE,Close Long,20.5,100,2050,0.1968,295.6232
03/05/2025 - 20:47:58,HYPE,Close Long,21.5,100,2150,0.2064,395.6136
08/05/2025 - 15:41:29,SOL,Open Short,156.6,2,313.2,0.135302,-0.135302
08/05/2025 - 20:49:32,SOL,Open Short,160.28,1,160.28,0.06924,-0.06924
08/05/2025 - 21:09:44,HYPE,Close Long (Price Improved),22.5,100,2250,0.323999,495.496001
08/05/2025 - 21:41:00,SOL,Open Short,161.88,1,161.88,0.069932,-0.069932
08/05/2025 - 21:51:58,HYPE,Close Long,23.471,100,2347.1,1.013947,591.9060529999999
09/05/2025 - 04:52:18,HYPE,Close Long,23.8580197479,23.8,567.82087000002,0.245296,150.080734
09/05/2025 - 04:52:27,HYPE,Close Long,23.8691244094,76.2,1818.8272799962801,0.78573,481.35639
09/05/2025 - 04:54:21,SOL,Open Short,162.12,1,162.12,0.070035,-0.070035
09/05/2025 - 11:21:34,HYPE/USDC,Sell,24.895,100,2489.5,1.672944,1360.0243750000002
09/05/2025 - 11:21:57,SOL,Open Short,167.2,1,167.2,0.07223,-0.07223
09/05/2025 - 11:29:51,HYPE/USDC,Sell,24.951,100,2495.1,1.676707,1365.4136079999998
09/05/2025 - 11:32:39,HYPE,Open Short,25.013792,100,2501.3792,1.080591,-1.080591
09/05/2025 - 11:33:20,HYPE,Close Short,25.001,100,2500.1,1.080043,0.18995699999999993
09/05/2025 - 11:33:38,HYPE/USDC,Sell,24.976596,100,2497.6596,1.67842,1367.971498
09/05/2025 - 11:33:40,HYPE/USDC,Sell,24.986,1.51,37.728860000000005,0.014487,20.681428
09/05/2025 - 11:34:01,HYPE/USDC,Sell,24.988,99,2473.812,1.662401,1355.420011
09/05/2025 - 11:35:45,SOL,Open Short,167.92,1,167.92,0.072541,-0.072541
09/05/2025 - 11:37:14,HYPE/USDC,Sell,25.0028747187,53.32,1333.1532800010839,0.895878,730.802639
09/05/2025 - 11:37:15,HYPE/USDC,Sell,25,40,1000,0.384,548.412126
09/05/2025 - 11:37:16,HYPE/USDC,Sell,25,6.68,167,0.064128,91.58482500000001
09/05/2025 - 11:38:25,HYPE/USDC,Sell,25.043125,100,2504.3125,1.682896,1374.6199199999999
09/05/2025 - 11:48:15,SOL,Open Short,170.2,1,170.2,0.073526,-0.073526
09/05/2025 - 11:53:56,HYPE/USDC,Sell,25.3047708,100,2530.47708,1.700477,1400.766919
09/05/2025 - 11:55:23,SOL,Open Short (Price Improved),175,1,175,0.025199,-0.025199
09/05/2025 - 11:58:39,HYPE/USDC,Sell,25.4730334,100,2547.30334,1.711784,1417.581872
09/05/2025 - 11:59:36,SOL,Open Short,174.21,1,174.21,0.075258,-0.075258
09/05/2025 - 12:00:03,HYPE/USDC,Sell,25.5,100,2550,0.9792,1421.011115
09/05/2025 - 12:01:13,XRP,Open Short,2.4046,100,240.45999999999998,0.103878,-0.103878
09/05/2025 - 12:01:28,XRP,Open Short,2.4018,100,240.18,0.103757,-0.103757
09/05/2025 - 12:24:55,HYPE/USDC,Sell,25.7,1.56,40.092,0.015394,22.479655
09/05/2025 - 12:24:56,HYPE/USDC,Sell,25.7,37.51,964.007,0.370177,540.52039
09/05/2025 - 12:24:56,HYPE/USDC,Sell,25.7,1.56,40.092,0.015394,22.479655
09/05/2025 - 12:25:00,HYPE/USDC,Sell,25.7,1.56,40.092,0.015394,22.479655
09/05/2025 - 12:25:02,HYPE/USDC,Sell,25.7,1.56,40.092,0.015394,22.479655
09/05/2025 - 12:25:04,HYPE/USDC,Sell,25.7,56.25,1445.625,0.55512,810.564432
09/05/2025 - 12:25:54,SOL,Open Short,175.7,1,175.7,0.075902,-0.075902
09/05/2025 - 12:26:00,SOL,Open Short,175.81,1,175.81,0.075949,-0.075949
09/05/2025 - 19:35:01,XRP,Close Short,2.3588,200,471.76,0.2038,8.676200000000001
11/05/2025 - 00:27:56,HYPE/USDC,Sell,26,50.18,1304.68,0.500997,738.143744
11/05/2025 - 00:27:56,HYPE/USDC,Sell,26,10.81,281.06,0.107927,159.014226
11/05/2025 - 00:27:57,HYPE/USDC,Sell,26,12,312,0.119808,176.51903
11/05/2025 - 00:27:58,HYPE/USDC,Sell,26,10,260,0.09984,147.099192
11/05/2025 - 00:27:58,HYPE/USDC,Sell,26,8.62,224.11999999999998,0.086062,126.799504
11/05/2025 - 00:27:59,HYPE/USDC,Sell,26,5.27,137.01999999999998,0.052615,77.521275
11/05/2025 - 00:28:00,HYPE/USDC,Sell,26,1.07,27.82,0.010682,15.739615
11/05/2025 - 00:28:01,HYPE/USDC,Sell,26,2.05,53.3,0.020467,30.155335
11/05/2025 - 04:26:35,SOL,Open Short,176.16,1,176.16,0.076101,-0.076101
11/05/2025 - 07:20:57,SOL,Open Short,175.89,1,175.89,0.075984,-0.075984
12/05/2025 - 12:47:17,XRP,Open Short,2.4854,10,24.854,0.010736,-0.010736
12/05/2025 - 12:47:29,XRP,Open Short,2.4856,90,223.70399999999998,0.096639,-0.096639
12/05/2025 - 13:21:35,XRP,Open Short,2.5207,10,25.207,0.010889,-0.010889
12/05/2025 - 13:21:43,XRP,Open Short,2.5245,10,25.245,0.010905,-0.010905
12/05/2025 - 13:23:13,XRP,Open Short,2.544,10,25.44,0.01099,-0.01099
12/05/2025 - 13:28:51,XRP,Open Short,2.557,10,25.57,0.011045,-0.011045
13/05/2025 - 04:30:30,SOL,Close Short,167.89,4,671.56,0.290113,1.169887
13/05/2025 - 04:31:04,XRP,Close Short,2.4367,40,97.468,0.042105,2.495575
13/05/2025 - 04:31:34,HYPE,Open Long,23.4893882,100,2348.93882,1.014737,-1.014737
13/05/2025 - 07:05:41,XRP,Close Short,2.5011,100,250.11,0.108047,-0.203847
13/05/2025 - 07:48:02,HYPE,Close Long,24.52,24.5,600.74,0.086505,25.165645
13/05/2025 - 07:48:12,HYPE,Close Long,24.5232528477,75.5,1851.5055900013501,0.799849,77.263591
13/05/2025 - 21:56:41,SOL,Open Short,182.88,3,548.64,0.237012,-0.237012
13/05/2025 - 21:56:50,SOL,Open Short,182.99,2,365.98,0.158103,-0.158103
14/05/2025 - 00:20:01,SOL,Open Short,185,1,185,0.026639,-0.026639
14/05/2025 - 04:44:49,HYPE,Open Long,25.424,100,2542.4,1.098315,-1.098315
14/05/2025 - 09:35:24,HYPE,Close Long,25.5878882,100,2558.7888199999998,1.105393,15.283427
15/05/2025 - 07:07:44,HYPE,Open Long,24.631,100,2463.1,1.064055,-1.064055
15/05/2025 - 08:46:35,SOL,Close Short,170,1,170,0.024479,3.8611210000000002
15/05/2025 - 09:34:07,SOL,Close Short,172.52,5,862.6,0.372643,6.455357
15/05/2025 - 10:30:02,SOL,Close Short,171.57,10,1715.6999999999998,0.741182,22.414818
15/05/2025 - 17:48:29,HYPE,Close Long,25.693146,100,2569.3145999999997,1.109942,105.104658
16/05/2025 - 04:00:32,HYPE,Open Short,26.9846938,100,2698.46938,1.165734,-1.165734
16/05/2025 - 04:22:32,HYPE,Close Short,26.9926888,100,2699.26888,1.166078,-1.974958
16/05/2025 - 17:23:48,HYPE/USDC,Sell,27.6148723,100,2761.4872299999997,1.855718,1631.621828
16/05/2025 - 18:43:44,HYPE,Open Long,27.6877086,100,2768.77086,1.196106,-1.196106
17/05/2025 - 02:58:47,HYPE,Open Long,26.4162332,100,2641.62332,1.141174,-1.141174
17/05/2025 - 03:58:02,HYPE,Close Long,27.2199549,100,2721.9954900000002,1.175896,15.629593999999999
18/05/2025 - 16:59:16,SOL,Open Short,176.34,1,176.34,0.076178,-0.076178
18/05/2025 - 21:55:32,SOL,Close Short,166.97,1,166.97,0.07213,9.29787
19/05/2025 - 06:32:29,HYPE,Open Long,25.3298726,100,2532.9872600000003,1.094246,-1.094246
21/05/2025 - 17:58:45,HYPE,Close Long,27.859,100,2785.9,1.203508,165.606492
21/05/2025 - 18:07:34,HYPE,Close Long,28.028,100,2802.7999999999997,1.210805,182.49919500000001
22/05/2025 - 03:07:51,HYPE/USDC,Sell,29.5,100,2950,1.1328,1820.857515
22/05/2025 - 04:22:16,HYPE/USDC,Sell,30.5,100,3050,1.1712,1920.819115
22/05/2025 - 08:03:46,HYPE/USDC,Sell,30.3993923,100,3039.93923,2.04283912,1909.88670988
22/05/2025 - 08:58:14,HYPE/USDC,Sell,31.2056618,100,3120.5661800000003,2.09702045,1990.45947655
22/05/2025 - 08:58:34,SOL,Open Short,178.56,2,357.12,0.154275,-0.154275
22/05/2025 - 09:02:08,HYPE/USDC,Sell,31.3,100,3130,1.20192,2000.788395
22/05/2025 - 09:10:37,HYPE/USDC,Sell,31.4989994,100,3149.89994,2.11673274,2019.7735232599998
22/05/2025 - 09:11:05,HYPE/USDC,Sell,31.5,100,3150,1.2096,2020.780715
22/05/2025 - 09:20:21,SOL,Open Short,179.12,1,179.12,0.077379,-0.077379
22/05/2025 - 10:12:03,SOL,Open Short,180.52,7,1263.64,0.545892,-0.545892
22/05/2025 - 10:12:21,SOL,Open Short,180.48,7,1263.36,0.54577,-0.54577
22/05/2025 - 10:13:01,SOL,Open Short,180.39,2,360.78,0.155855,-0.155855
22/05/2025 - 10:13:11,SOL,Open Short,180.44,1,180.44,0.077948,-0.077948
22/05/2025 - 10:20:11,HYPE/USDC,Sell,31.6761593,100,3167.61593,2.12863786,2037.47760814
22/05/2025 - 12:01:09,HYPE,Open Long,31.1807326,100,3118.07326,1.347001,-1.347001
22/05/2025 - 15:10:58,SOL,Close Short,177.79,20,3555.7999999999997,1.536105,47.123895
22/05/2025 - 16:44:39,HYPE,Close Long,32.3475,100,3234.7499999999995,1.397408,115.28259200000001
22/05/2025 - 17:39:56,HYPE/USDC,Sell,32.5,100,3250,1.248,2120.742315
22/05/2025 - 17:47:59,HYPE/USDC,Sell,32.928877,100,3292.8877,2.21282052,2162.6651944799996
22/05/2025 - 18:11:46,HYPE/USDC,Sell,32.9976394,100,3299.76394,2.21744133,2169.5368146700002
22/05/2025 - 18:56:30,HYPE,Open Short,33.149,100,3314.9,1.432034,-1.432034
22/05/2025 - 19:23:59,HYPE,Open Short,33.8,7.82,264.316,0.038061,-0.038061
22/05/2025 - 19:24:04,HYPE,Open Short,33.8,92.18,3115.6839999999997,0.448657,-0.448657
22/05/2025 - 19:24:49,HYPE/USDC,Sell,33.5977974,100,3359.77974,2.25777196,2229.5122850400003
22/05/2025 - 19:39:29,HYPE,Open Short,34,5.73,194.82000000000002,0.028051,-0.028051
22/05/2025 - 19:39:29,HYPE,Open Short,34,94.27,3205.18,0.461544,-0.461544
22/05/2025 - 20:25:27,HYPE,Close Short,33.2147165,100,3321.47165,1.43487,42.05347999999999
22/05/2025 - 21:27:50,HYPE,Close Short,32.4140771,100,3241.40771,1.400275,122.152015
22/05/2025 - 21:28:24,HYPE,Close Short,32.4185376,100,3241.85376,1.400475,121.705765
23/05/2025 - 03:09:01,HYPE,Open Short,35,100,3500,0.504,-0.504
23/05/2025 - 04:26:21,HYPE,Open Short,35.9241218,100,3592.4121800000003,1.551919,-1.551919
23/05/2025 - 04:33:30,HYPE/USDC,Sell,35.419,100,3541.8999999999996,2.3801568,2411.5101582
23/05/2025 - 04:34:22,HYPE/USDC,Sell,35.4,100,3540,2.37888,2409.6114359999997
23/05/2025 - 04:42:44,HYPE/USDC,Sell,35.5063893,100,3550.63893,2.38602932,2420.24321868
23/05/2025 - 04:47:41,HYPE/USDC,Sell,35.8228345,100,3582.28345,2.40729446,2451.86647054
23/05/2025 - 04:48:54,HYPE,Open Short,36.024,100,3602.4,1.556236,-1.556236
23/05/2025 - 05:32:14,HYPE,Close Short,34.8420074,100,3484.20074,1.505169,79.224091
23/05/2025 - 05:34:15,HYPE,Close Short,34.6847971,100,3468.4797099999996,1.498379,94.951911
23/05/2025 - 05:37:11,HYPE,Close Short,34.6243243,100,3462.43243,1.495766,101.00180399999999
23/05/2025 - 10:10:59,SOL,Open Short,186.84,1,186.84,0.080714,-0.080714
23/05/2025 - 10:11:05,SOL,Open Short,186.84,4,747.36,0.322859,-0.322859
23/05/2025 - 10:44:37,HYPE,Open Short,35.907,100,3590.7,1.551182,-1.551182
23/05/2025 - 10:58:27,HYPE,Open Short (Price Improved),37,100,3700,0.5328,-0.5328
23/05/2025 - 10:58:51,HYPE,Open Short,37.041,100,3704.0999999999995,1.600171,-1.600171
23/05/2025 - 11:03:10,HYPE/USDC,Sell,37.064437,100,3706.4437,2.49073015,2575.9432848499996
23/05/2025 - 11:04:37,SOL,Close Short,187.01,5,935.05,0.403939,-1.253939
23/05/2025 - 11:10:29,HYPE,Close Short,36.6,100,3660,0.52704,4.40296
23/05/2025 - 12:48:31,HYPE,Close Short,36.0405,100,3604.05,1.556947,59.323053
23/05/2025 - 12:58:53,HYPE,Close Short,35.2555836,100,3525.55836,1.52304,137.8486
23/05/2025 - 20:07:03,HYPE,Open Long,34.229945,100,3422.9945000000002,1.478732,-1.478732
23/05/2025 - 21:34:00,HYPE,Open Long,33.3956947,100,3339.56947,1.442691,-1.442691
24/05/2025 - 08:33:15,HYPE,Open Long,33.93325,100,3393.3250000000003,1.465914,-1.465914
24/05/2025 - 08:37:16,HYPE,Close Long,33.8658787,100,3386.5878700000003,1.463004,-0.1651339999999999
24/05/2025 - 11:33:30,HYPE,Close Long,34.8935118,200,6978.702359999999,3.01479,205.10756999999998
24/05/2025 - 18:02:40,HYPE,Open Long,34.80375,100,3480.375,1.50352,-1.50352
24/05/2025 - 19:56:19,HYPE,Close Long,35,100,3500,1.511998,18.118002
24/05/2025 - 23:49:03,HYPE,Open Long,35.374,100,3537.4,1.528155,-1.528155
25/05/2025 - 02:18:41,HYPE,Open Long,34,29,986,0.141984,-0.141984
25/05/2025 - 02:18:45,HYPE,Open Long,34,71,2414,0.347615,-0.347615
25/05/2025 - 11:52:17,HYPE,Close Long,35.921126,200,7184.2252,3.103582,243.721618
25/05/2025 - 14:20:55,HYPE,Open Short,37.3799443,100,3737.9944299999997,1.61481,-1.61481
25/05/2025 - 14:57:50,HYPE,Open Short,38.3261827,100,3832.6182699999995,1.655689,-1.655689
25/05/2025 - 15:05:10,HYPE,Close Short,37.7317664,100,3773.1766399999997,1.630011,10.493349
25/05/2025 - 15:37:43,HYPE/USDC,Sell,38.6368702,100,3863.68702,2.59639765,2733.08093835
25/05/2025 - 17:58:48,HYPE,Close Short,37.49,100,3749,1.619568,34.680431999999996
25/05/2025 - 20:03:07,HYPE,Open Short,39,100,3900,0.5616,-0.5616
25/05/2025 - 23:13:59,HYPE,Close Short,38.9429857,100,3894.29857,1.682315,4.019115
26/05/2025 - 14:59:08,HYPE,Open Long,37.667294,10,376.67294,0.160983,-0.160983
26/05/2025 - 16:39:28,HYPE,Open Long,38.218,10,382.18000000000006,0.165101,-0.165101
26/05/2025 - 20:21:04,HYPE,Open Long,36.98,10,369.79999999999995,0.159753,-0.159753
26/05/2025 - 20:47:18,HYPE,Open Long,36.579,10,365.79,0.15802,-0.15802
27/05/2025 - 10:07:44,HYPE,Open Long,37.023,10,370.23,0.159938,-0.159938
27/05/2025 - 17:33:12,HYPE,Close Long,38.581,50,1929.0500000000002,0.833349,63.546651
27/05/2025 - 18:40:29,HYPE,Open Long,37.618,100,3761.8,1.625091,-1.625091
27/05/2025 - 22:45:59,HYPE,Open Long,36.2327,50,1811.635,0.782625,-0.782625
27/05/2025 - 23:26:36,HYPE,Open Long,35.906,10,359.06,0.155113,-0.155113
27/05/2025 - 23:28:56,HYPE,Open Long,35.634214,10,356.34214,0.153938,-0.153938
28/05/2025 - 03:11:05,HYPE,Open Long,35.5,10,355,0.046008,-0.046008
28/05/2025 - 12:29:23,HYPE,Open Long,35.548383,20,710.96766,0.276421,-0.276421
28/05/2025 - 14:22:27,HYPE,Open Long,34.97073425,40,1398.82937,0.543863,-0.543863
28/05/2025 - 14:48:36,HYPE,Open Long,34.5,20,690,0.089424,-0.089424
28/05/2025 - 14:53:09,HYPE,Open Long,34.6581,20,693.1619999999999,0.269496,-0.269496
28/05/2025 - 15:08:37,HYPE,Open Long,34.270416,20,685.40832,0.266486,-0.266486
28/05/2025 - 15:38:47,HYPE,Open Long,34,100,3400,0.44064,-0.44064
28/05/2025 - 16:02:24,HYPE,Open Long,33.664,10,336.64,0.130885,-0.130885
28/05/2025 - 16:13:18,HYPE,Open Long,33.57156,10,335.7156,0.130523,-0.130523
28/05/2025 - 16:17:18,HYPE,Open Long,33.558995,30,1006.7698500000001,0.391429,-0.391429
28/05/2025 - 16:20:45,STAR/USDC,Sell,0.000926,4.67,0.00432442,0.00000261,0.0038553899999999998
28/05/2025 - 20:11:35,HYPE,Open Long,34.02,50,1701.0000000000002,0.661348,-0.661348
28/05/2025 - 20:40:20,HYPE,Open Long,33.207,10,332.07,0.129108,-0.129108
28/05/2025 - 20:40:26,HYPE,Open Long,33.217,10,332.16999999999996,0.129146,-0.129146
28/05/2025 - 20:52:38,HYPE,Open Long,33,50,1650,0.21384,-0.21384
28/05/2025 - 21:08:55,HYPE,Open Long,32.62693,10,326.26930000000004,0.12685,-0.12685
28/05/2025 - 21:09:55,HYPE,Open Long,32.56,10,325.6,0.126593,-0.126593
28/05/2025 - 21:11:07,HYPE,Open Long,32.654,10,326.54,0.126958,-0.126958
29/05/2025 - 13:40:50,HYPE,Open Long,33.842347,10,338.42346999999995,0.131577,-0.131577
29/05/2025 - 13:44:30,HYPE,Open Long,33.5,10,335,0.043416,-0.043416
29/05/2025 - 15:03:51,HYPE,Open Long,33.162,10,331.62,0.128932,-0.128932
29/05/2025 - 15:12:08,HYPE,Open Long,32.749,10,327.49,0.127327,-0.127327
29/05/2025 - 15:18:56,HYPE,Open Long,32.522,10,325.21999999999997,0.126445,-0.126445
29/05/2025 - 15:23:33,HYPE,Open Long,32.312,10,323.12,0.125628,-0.125628
29/05/2025 - 15:31:49,HYPE,Open Long,32.040519,10,320.40519000000006,0.124572,-0.124572
29/05/2025 - 15:35:32,HYPE,Open Long,31.853,10,318.53000000000003,0.123843,-0.123843
29/05/2025 - 15:36:03,HYPE,Open Long,31.826,10,318.26,0.123739,-0.123739
29/05/2025 - 15:36:30,HYPE,Open Long,31.98,10,319.8,0.124338,-0.124338
29/05/2025 - 17:31:34,HYPE,Open Long,31.9270544,50,1596.3527199999999,0.620659,-0.620659
29/05/2025 - 21:50:26,HYPE,Open Long,31.5,10,315,0.040824,-0.040824
29/05/2025 - 21:55:45,HYPE,Open Long,31.632,40,1265.28,0.491938,-0.491938
30/05/2025 - 01:45:10,HYPE,Open Long,31.0276365,100,3102.76365,1.206348,-1.206348
30/05/2025 - 02:02:07,HYPE,Open Long,31.0071128,100,3100.71128,1.205552,-1.205552
30/05/2025 - 09:18:42,HYPE,Close Long,32.6134885,100,3261.3488500000003,1.268008,-93.20915799999999
30/05/2025 - 09:18:57,HYPE,Open Long,32.599,100,3259.8999999999996,1.267447,-1.267447
30/05/2025 - 17:42:41,HYPE,Open Long,32.4863528,100,3248.63528,1.263066,-1.263066
30/05/2025 - 20:26:07,HYPE,Close Long,34.1785,100,3417.85,1.328859,81.23114100000001
30/05/2025 - 21:11:48,HYPE,Open Long,33.5,100,3350,1.302453,-1.302453
31/05/2025 - 00:08:58,HYPE,Close Long,32.3588424,100,3235.88424,1.258103,-101.993863
31/05/2025 - 00:09:25,HYPE/USDC,Buy,32.3972788,100,3239.7278800000004,0.06047997,-1.9593864499056362
31/05/2025 - 00:10:20,HYPE,Close Long,32.52194952,1000,32521.94952,12.644511,-856.894991
31/05/2025 - 00:10:40,HYPE/USDC,Buy,32.51152392,1000,32511.523920000003,0.60479991,-19.66296674077885
31/05/2025 - 00:10:50,HYPE/USDC,Buy,32.551,1,32.551,0.00060479,-0.019686519290000003
31/05/2025 - 08:34:38,HYPE,Open Long,31.1896306,100,3118.96306,1.21265,-1.21265
31/05/2025 - 15:07:34,HYPE,Close Long,32.8517594,100,3285.17594,1.277272,164.93866799999998
01/06/2025 - 11:56:59,HYPE,Open Long,31.781,100,3178.1,1.166998,-1.166998
01/06/2025 - 21:59:39,HYPE,Close Long,33.4325227,100,3343.25227,1.227634,163.924636
02/06/2025 - 11:36:57,HYPE,Open Long,32.743,100,3274.3,1.202321,-1.202321
02/06/2025 - 19:47:18,HYPE,Close Long,34.533175,100,3453.3175,1.268055,177.749445
02/06/2025 - 21:34:34,HYPE,Open Long,35.7097447,100,3570.97447,1.311256,-1.311256
03/06/2025 - 10:49:14,HYPE,Close Long,36.833,100,3683.2999999999997,1.352504,110.977496
03/06/2025 - 18:52:36,HYPE,Open Long,36.9103809,100,3691.03809,1.355344,-1.355344
04/06/2025 - 21:18:40,HYPE,Open Long,35.256722,100,3525.6722000000004,1.294623,-1.294623
05/06/2025 - 10:45:25,HYPE,Open Long,35.0043686,100,3500.43686,1.285353,-1.285353
05/06/2025 - 18:15:18,HYPE,Open Long,34.1606901,100,3416.0690099999997,1.254375,-1.254375
05/06/2025 - 20:14:40,HYPE,Open Long,33.5,100,3350,0.410039,-0.410039
05/06/2025 - 20:20:11,HYPE,Open Long,33.0975269,100,3309.75269,1.215334,-1.215334
05/06/2025 - 23:32:11,HYPE,Close Long,34.4874765,100,3448.74765,1.266372,-18.008722
05/06/2025 - 23:42:59,HYPE,Close Long,34.5251736,100,3452.5173600000003,1.267761,-14.240401
06/06/2025 - 00:29:12,HYPE,Close Long,34.2524808,400,13700.992320000001,5.030921,-165.998601
06/06/2025 - 00:29:33,HYPE/USDC,Buy,34.2173854667,300,10265.215640010001,0.17135993,-5.8634887783567295
06/06/2025 - 00:29:55,HYPE,Open Long,34.2663563,100,3426.6356299999998,1.258253,-1.258253
06/06/2025 - 00:30:28,HYPE,Close Long,34.296,100,3429.6,1.259347,1.7106530000000002
06/06/2025 - 00:30:42,HYPE/USDC,Buy,34.2425445545,101,3458.4970000045,0.05769119,-1.975493143977125
08/06/2025 - 00:45:50,HYPE/USDC,Sell,34.951,0.77,26.91227,0.01537228,0.52957055
08/06/2025 - 17:43:06,HYPE/USDC,Sell,35.77,100,3577.0000000000005,2.04318238,150.62861262
09/06/2025 - 12:49:03,HYPE/USDC,Sell,37.2059086,100,3720.5908600000002,2.12520144,294.13745358
09/06/2025 - 16:53:02,HYPE/USDC,Sell,37.5469056,100,3754.69056,2.14467921,328.21767582
09/06/2025 - 17:07:13,HYPE/USDC,Sell,37.9059489,100,3790.59489,2.16518778,364.10149725
09/06/2025 - 23:06:51,SOL,Open Short,159.69,1,159.69,0.058637,-0.058637
09/06/2025 - 23:56:06,SOL,Open Short,159.63,1,159.63,0.058615,-0.058615
10/06/2025 - 00:47:50,SOL,Open Short,161.04,1,161.04,0.059133,-0.059133
10/06/2025 - 01:28:02,SOL,Open Short,161.46,1,161.46,0.059287,-0.059287
10/06/2025 - 01:32:45,SOL,Open Short,161.36,1,161.36,0.059251,-0.059251
10/06/2025 - 10:21:43,HYPE,Open Short,39.842,100,3984.2,1.462996,-1.462996
10/06/2025 - 10:42:59,HYPE,Open Short,40.4381121,100,4043.81121,1.484883,-1.484883
10/06/2025 - 10:43:40,SOL,Close Short,158.51,5,792.55,0.291024,10.338976
10/06/2025 - 10:44:00,HYPE,Open Short,41.139,100,4113.900000000001,1.510623,-1.510623
10/06/2025 - 12:51:11,ETH,Open Short,2774,1,2774,1.018612,-1.018612
10/06/2025 - 13:41:14,ETH,Close Short,2757.8,1,2757.8,1.012663,15.187337
10/06/2025 - 18:06:09,HYPE,Close Short,39.984,100,3998.4,1.46821,47.43179
10/06/2025 - 18:50:53,HYPE/USDC,Sell,40.041,0.55,22.02255,0.01257927,-0.49877926
10/06/2025 - 21:34:45,HYPE,Open Short,41.8377902,100,4183.77902,1.536278,-1.536278
11/06/2025 - 00:49:56,HYPE/USDC,Sell,42.255337,100,4225.5337,2.4136248,130.62007524
11/06/2025 - 15:37:03,HYPE/USDC,Sell,43.247,100,4324.7,2.61557856,229.58442145
11/06/2025 - 16:24:54,HYPE,Open Short,43.8789342,100,4387.89342,1.70601,-1.70601
11/06/2025 - 18:40:04,HYPE/USDC,Sell,43.1093,100,4310.929999999999,2.60725045,215.82274958
11/06/2025 - 19:11:12,HYPE/USDC,Sell,42.8513,100,4285.13,2.59164661,190.03835341
11/06/2025 - 23:40:16,HYPE,Close Short,40.8421568,100,4084.21568,1.587939,80.75638099999999
12/06/2025 - 03:24:47,HYPE,Close Short,41.619,100,4161.9,1.797933,2.862067
12/06/2025 - 05:26:02,HYPE,Close Short,41.8644806,100,4186.44806,1.808537,-21.696597
12/06/2025 - 12:03:59,HYPE,Close Short,40.725,100,4072.5,1.75932,92.30068
12/06/2025 - 16:10:35,HYPE/USDC,Sell,42.934,100,4293.4,2.8851648,198.01483521
13/06/2025 - 03:10:47,HYPE/USDC,Buy,38.3015424,100,3830.1542400000003,0.06719995,-2.57386173420288
13/06/2025 - 03:11:32,HYPE/USDC,Buy,38.247,0.3,11.4741,0.00020159,-0.00771021273
13/06/2025 - 03:25:18,HYPE/USDC,Sell,38.3218412,100,3832.1841200000003,2.57522771,-3.1046151
13/06/2025 - 03:25:26,HYPE/USDC,Sell,38.381,0.23,8.827630000000001,0.00593216,0.00645678
13/06/2025 - 17:08:28,HYPE/USDC,Buy,41.4560702,100,4145.6070199999995,0.06719998,-2.7858470883185964
13/06/2025 - 17:09:07,HYPE/USDC,Buy,41.473,0.3,12.441899999999999,0.00020159,-0.00836054207
13/06/2025 - 20:18:49,HYPE/USDC,Buy,40.5985123,100,4059.85123,0.06719996,-2.7282184026195084
14/06/2025 - 22:06:21,HYPE/USDC,Buy,39.4802232,100,3948.0223199999996,0.06719995,-2.65306902502884
14/06/2025 - 22:06:29,HYPE/USDC,Buy,39.485,0.3,11.8455,0.00020159,-0.00795978115
16/06/2025 - 12:48:27,HYPE/USDC,Sell,44.5893,100,4458.93,2.99640096,403.9945312
16/06/2025 - 12:48:35,HYPE/USDC,Sell,44.570979,100,4457.0979,2.99516977,402.16366241
16/06/2025 - 12:48:42,HYPE/USDC,Sell,44.57,0.23,10.251100000000001,0.00688873,0.92475142
16/06/2025 - 12:48:53,HYPE/USDC,Sell,44.591,99.93,4455.9786300000005,2.99441763,403.8815019
16/06/2025 - 22:26:15,HYPE,Open Long,44.1324051,100,4413.24051,1.906514,-1.906514
17/06/2025 - 01:18:53,HYPE,Open Long,41.4876052,100,4148.76052,1.792259,-1.792259
17/06/2025 - 01:29:09,HYPE,Close Long,42.169,100,4216.9,1.8217,-65.9217
17/06/2025 - 10:01:08,HYPE,Open Long,40.877,100,4087.7000000000003,1.765886,-1.765886
17/06/2025 - 16:05:18,HYPE,Open Long,40.0330444,100,4003.3044400000003,1.729418,-1.729418
17/06/2025 - 17:51:42,HYPE,Open Long,38.8589928,100,3885.89928,1.678705,-1.678705
17/06/2025 - 20:43:59,HYPE,Close Long,41.021,41,1681.861,0.726562,14.701738
17/06/2025 - 20:44:16,HYPE,Close Long,40.987,59,2418.233,1.044673,19.151027
17/06/2025 - 22:48:45,HYPE,Open Long,39.5248921,100,3952.48921,1.70746,-1.70746
17/06/2025 - 23:16:09,HYPE,Close Long,39.599,100,3959.8999999999996,1.710669,-78.28066899999999
18/06/2025 - 09:29:35,HYPE,Close Long,40.479,200,8095.8,3.497385,19.362614999999998
18/06/2025 - 09:29:45,HYPE,Long > Short,40.479,200,8095.8,3.497385,7.932615
18/06/2025 - 09:30:01,HYPE/USDC,Buy,40.4485985,300,12134.57955,0.20159996,-8.15443583965606
18/06/2025 - 09:31:55,HYPE,Close Short,40.466,100,4046.6,1.748126,-0.448126
18/06/2025 - 14:54:41,HYPE/USDC,Buy,38.547,100,3854.7,0.0672,-2.5903583999999995
18/06/2025 - 15:02:18,HYPE/USDC,Sell,38.8562,100,3885.62,2.61113664,-48.864816999999995
18/06/2025 - 15:15:41,HYPE/USDC,Buy,39.9357495,100,3993.57495,0.06719995,-2.683680369612525
18/06/2025 - 15:28:36,HYPE/USDC,Sell,40.2901926,100,4029.0192599999996,2.70750092,87.29322058
18/06/2025 - 21:02:24,HYPE/USDC,Buy,37.9361843,100,3793.61843,0.06719989,-2.549307411979727
19/06/2025 - 14:16:20,HYPE/USDC,Buy,36.8647,100,3686.47,0.0672,-2.47730784
20/06/2025 - 17:14:53,HYPE/USDC,Buy,34.927771,100,3492.7771,0.06719997,-2.34714516336687
20/06/2025 - 23:04:29,HYPE/USDC,Buy,34.0411413,100,3404.11413,0.06719994,-2.287562652891522
21/06/2025 - 00:23:04,HYPE,Open Long,33.4232703,100,3342.32703,1.443881,-1.443881
21/06/2025 - 20:16:09,HYPE,Open Long,32.3306612,100,3233.06612,1.396682,-1.396682
22/06/2025 - 12:18:31,HYPE/USDC,Buy,34.2117467,100,3421.17467,0.06719994,-2.299027325535198
22/06/2025 - 15:26:52,HYPE,Open Long,31.5744841,100,3157.44841,1.364015,-1.364015
23/06/2025 - 23:10:50,HYPE,Close Long,38.0623289,100,3806.2328899999998,1.644286,560.3086040000001
24/06/2025 - 01:57:04,HYPE,Open Long,37.0137979,100,3701.37979,1.598994,-1.598994
26/06/2025 - 00:16:31,HYPE,Open Long,36.88,100,3688.0000000000005,1.593216,-1.593216